INSERT INTO cw.quest (name, value) VALUES
  ('Quest 1', 10),
  ('Quest 2', 20),
  ('Quest 3', 30),
  ('Quest 4', 40),
  ('Quest 5', 50),
  ('Quest 6', 60),
  ('Quest 7', 70),
  ('Quest 8', 80),
  ('Quest 9', 90),
  ('Quest 10', 100),
  ('Quest 11', 110),
  ('Quest 12', 120),
  ('Quest 13', 130),
  ('Quest 14', 140),
  ('Quest 15', 150),
  ('Quest 16', 160),
  ('Quest 17', 170),
  ('Quest 18', 180),
  ('Quest 19', 190),
  ('Quest 20', 200),
  ('Quest 21', 210),
  ('Quest 22', 220),
  ('Quest 23', 230),
  ('Quest 24', 240),
  ('Quest 25', 250),
  ('Quest 26', 260),
  ('Quest 27', 270),
  ('Quest 28', 280),
  ('Quest 29', 290),
  ('Quest 30', 300);

INSERT INTO cw.clan (name) VALUES
  ('Clan 1'),
  ('Clan 2'),
  ('Clan 3'),
  ('Clan 4'),
  ('Clan 5'),
  ('Clan 6'),
  ('Clan 7'),
  ('Clan 8'),
  ('Clan 9'),
  ('Clan 10'),
  ('Clan 11'),
  ('Clan 12'),
  ('Clan 13'),
  ('Clan 14'),
  ('Clan 15'),
  ('Clan 16'),
  ('Clan 17'),
  ('Clan 18'),
  ('Clan 19'),
  ('Clan 20'),
  ('Clan 21'),
  ('Clan 22'),
  ('Clan 23'),
  ('Clan 24'),
  ('Clan 25'),
  ('Clan 26'),
  ('Clan 27'),
  ('Clan 28'),
  ('Clan 29'),
  ('Clan 30');

INSERT INTO cw.player (clan_id, nickname) VALUES
  (1, 'Player 1'),
  (1, 'Player 2'),
  (1, 'Player 3'),
  (2, 'Player 4'),
  (2, 'Player 5'),
  (2, 'Player 6'),
  (3, 'Player 7'),
  (3, 'Player 8'),
  (3, 'Player 9'),
  (4, 'Player 10'),
  (4, 'Player 11'),
  (4, 'Player 12'),
  (5, 'Player 13'),
  (5, 'Player 14'),
  (5, 'Player 15'),
  (6, 'Player 16'),
  (6, 'Player 17'),
  (6, 'Player 18'),
  (7, 'Player 19'),
  (7, 'Player 20'),
  (7, 'Player 21'),
  (8, 'Player 22'),
  (8, 'Player 23'),
  (8, 'Player 24'),
  (9, 'Player 25'),
  (9, 'Player 26'),
  (9, 'Player 27'),
  (10, 'Player 28'),
  (10, 'Player 29'),
  (10, 'Player 30');

INSERT INTO cw.achievement (player_id, quest_id, date) VALUES
  (1, 1, '2024-01-01'),
  (1, 2, '2024-01-02'),
  (1, 3, '2024-01-03'),
  (2, 4, '2024-01-04'),
  (2, 5, '2024-01-05'),
  (2, 6, '2024-01-06'),
  (3, 7, '2024-01-07'),
  (3, 8, '2024-01-08'),
  (3, 9, '2024-01-09'),
  (4, 10, '2024-01-10'),
  (4, 11, '2024-01-11'),
  (4, 12, '2024-01-12'),
  (5, 13, '2024-01-13'),
  (5, 14, '2024-01-14'),
  (5, 15, '2024-01-15'),
  (6, 16, '2024-01-16'),
  (6, 17, '2024-01-17'),
  (6, 18, '2024-01-18'),
  (7, 19, '2024-01-19'),
  (7, 20, '2024-01-20'),
  (7, 21, '2024-01-21'),
  (8, 22, '2024-01-22'),
  (8, 23, '2024-01-23'),
  (8, 24, '2024-01-24'),
  (9, 25, '2024-01-25'),
  (9, 26, '2024-01-26'),
  (9, 27, '2024-01-27'), 
  (10, 28, '2024-01-28'),
  (10, 29, '2024-01-29'),
  (10, 30, '2024-01-30');

INSERT INTO cw.war (attacker_id, defender_id, winner_id, date) VALUES
  (1, 2, 1, '2024-01-01'),
  (3, 4, 3, '2024-01-02'),
  (5, 6, 5, '2024-01-03'),
  (7, 8, 7, '2024-01-04'),
  (9, 10, 9, '2024-01-05'),
  (11, 12, 11, '2024-01-06'),
  (13, 14, 13, '2024-01-07'),
  (15, 16, 15, '2024-01-08'),
  (17, 18, 17, '2024-01-09'),
  (19, 20, 19, '2024-01-10'),
  (21, 22, 21, '2024-01-11'),
  (23, 24, 23, '2024-01-12'),
  (25, 26, 25, '2024-01-13'),
  (27, 28, 27, '2024-01-14'),
  (29, 30, 29, '2024-01-15'),
  (2, 3, 2, '2024-01-16'),
  (4, 5, 4, '2024-01-17'),
  (6, 7, 6, '2024-01-18'),
  (8, 9, 8, '2024-01-19'),
  (10, 11, 10, '2024-01-20'),
  (12, 13, 12, '2024-01-21'),
  (14, 15, 14, '2024-01-22'),
  (16, 17, 16, '2024-01-23'),
  (18, 19, 18, '2024-01-24'),
  (20, 21, 20, '2024-01-25'),
  (22, 23, 22, '2024-01-26'),
  (24, 25, 24, '2024-01-27'),
  (26, 27, 26, '2024-01-28'),
  (28, 29, 28, '2024-01-29'),
  (30, 1, 30, '2024-01-30');

INSERT INTO cw.class (name, skill, strength, defence, speed, mana, iq) VALUES
  ('Warrior', 'Swordsmanship', 10, 8, 6, 2, 4),
  ('Mage', 'Spellcasting', 4, 2, 3, 10, 8),
  ('Archer', 'Archery', 6, 4, 8, 2, 6),
  ('Rogue', 'Stealth', 4, 2, 10, 4, 6),
  ('Paladin', 'Divine Magic', 8, 10, 4, 6, 8);

INSERT INTO cw.element (name, spell, animal) VALUES
  ('Fire', 'Pyroblast', 'Dragon'),
  ('Water', 'Aqua Sphere', 'Dolphin'),
  ('Earth', 'Terraquake', 'Bear'),
  ('Air', 'Gust', 'Eagle'),
  ('Lightning', 'Thunderbolt', 'Tiger');

INSERT INTO cw.character (owner_id, class, element, level, name) VALUES
  (1, 'Warrior', 'Fire', 10, 'Aragorn'),
  (1, 'Mage', 'Water', 8, 'Gandalf'),
  (2, 'Archer', 'Earth', 6, 'Legolas'),
  (2, 'Rogue', 'Air', 7, 'Arya'),
  (3, 'Paladin', 'Lightning', 9, 'Thor'),
  (3, 'Warrior', 'Water', 5, 'Conan'),
  (4, 'Mage', 'Fire', 6, 'Merlin'),
  (4, 'Archer', 'Lightning', 4, 'Robin'),
  (5, 'Rogue', 'Air', 7, 'Ezio'),
  (5, 'Paladin', 'Earth', 8, 'Arthur'),
  (6, 'Warrior', 'Fire', 6, 'Beowulf'),
  (6, 'Mage', 'Water', 7, 'Morgana'),
  (7, 'Archer', 'Air', 5, 'Katniss'),
  (7, 'Rogue', 'Earth', 6, 'Snake'),
  (8, 'Paladin', 'Lightning', 9, 'Lancelot');
